{
  "style_name": "신카이 마코토 스타일 - 선명한 색감과 빛의 표현",
  "description": "딥 블루, 골드, 실버, 보라색 그라데이션",
  "optimized_prompt": "anime art style reference,\n딥 블루, 골드, 실버, 보라색 그라데이션,\nexample of artistic style,\ncolor palette showcase,\nlighting and shading demonstration,\n신카이 마코토 스타일 - 선명한 색감과 빛의 표현 aesthetic",
  "usage": "whisk_style",
  "created_at": "2026-01-31 00:34:05"
}