{
  "character_name": "루나 (Luna)",
  "original_traits": "young girl, 16 years old, long silver hair, bright blue eyes, wearing a dark blue cloak with star patterns, holding a glowing lantern, determined expression",
  "optimized_prompt": "masterpiece, best quality, anime style character portrait,\nyoung girl, 16 years old, long silver hair, bright blue eyes, wearing a dark blue cloak with star patterns, holding a glowing lantern, determined expression,\n신카이 마코토 스타일 - 선명한 색감과 빛의 표현 art style,\nclean lineart, vibrant colors, detailed face and eyes,\nwhite background for easy extraction,\nfull body or upper body shot,\nprofessional anime character design sheet",
  "style": "신카이 마코토 스타일 - 선명한 색감과 빛의 표현",
  "usage": "whisk_subject",
  "created_at": "2026-01-31 01:08:09"
}