{
  "character_name": "노바 (Nova)",
  "original_traits": "tiny glowing spirit, star-shaped, golden light, cute round eyes, floating, leaving sparkle trail",
  "optimized_prompt": "masterpiece, best quality, anime style character portrait,\ntiny glowing spirit, star-shaped, golden light, cute round eyes, floating, leaving sparkle trail,\n신카이 마코토 스타일 - 선명한 색감과 빛의 표현 art style,\nclean lineart, vibrant colors, detailed face and eyes,\nwhite background for easy extraction,\nfull body or upper body shot,\nprofessional anime character design sheet",
  "style": "신카이 마코토 스타일 - 선명한 색감과 빛의 표현",
  "usage": "whisk_subject",
  "created_at": "2026-01-31 01:08:09"
}