{
  "character_name": "그림자 왕 (Shadow King)",
  "original_traits": "tall dark figure, flowing shadow cloak, glowing red eyes, crown of darkness, intimidating presence",
  "optimized_prompt": "masterpiece, best quality, anime style character portrait,\ntall dark figure, flowing shadow cloak, glowing red eyes, crown of darkness, intimidating presence,\n신카이 마코토 스타일 - 선명한 색감과 빛의 표현 art style,\nclean lineart, vibrant colors, detailed face and eyes,\nwhite background for easy extraction,\nfull body or upper body shot,\nprofessional anime character design sheet",
  "style": "신카이 마코토 스타일 - 선명한 색감과 빛의 표현",
  "usage": "whisk_subject",
  "created_at": "2026-01-31 01:08:09"
}